{
  "task_loss": [
    0.00423197144323948,
    0.004925291468172035,
    0.0035588501315727836,
    0.003834620995505242,
    0.005111157889692969,
    0.0038816946180084797,
    0.004424055357465573,
    0.004241572597847314,
    0.0036259114779278014,
    0.004740415053595582
  ],
  "kl_loss": [
    2.16233845507901,
    0.6471753807717495,
    0.5365564447525796,
    0.531211241053484,
    0.5316906714804149,
    0.5223029031328958,
    0.5255628272399797,
    0.5244597759694685,
    0.5241063970593767,
    0.5253029161857234
  ],
  "total_loss": [
    0.00423197144323948,
    0.012116129216677698,
    0.015482326974958023,
    0.021541663242767458,
    0.028741854965203657,
    0.03289852277736362,
    0.03946157893820113,
    0.045032889975889445,
    0.05021314787002623,
    0.05727070749069709
  ]
}